word	count
the	1515
and	718
to	706
a	611
of	493
she	485
said	416
it	347
in	346
was	327
you	251
I	249
as	237
Alice	221
that	213
her	204
at	196
had	176
with	168
all	151
on	138
be	137
very	125
for	125
“I	119
little	118
they	108
so	103
not	103
but	101
out	97
The	94
he	94
his	93
this	86
what	85
about	84
were	82
up	81
went	79
down	77
one	77
Alice,	76
like	74
have	73
if	69
or	68
would	68
into	67
when	66
no	64
is	63
thought	63
could	63
*	60
Mock	57
its	57
by	55
my	55
Alice.	54
quite	53
your	53
an	52
did	50
then	50
their	50
them	49
And	49
who	48
don’t	48
see	47
some	47
time	46
me	46
began	46
do	46
looked	45
got	45
know	45
there	44
get	43
just	43
only	43
much	40
herself	40
such	40
great	39
must	39
it,	38
“and	38
off	38
came	38
go	38
more	38
way	37
never	37
how	37
are	37
which	37
think	36
been	36
any	36
say	35
after	35
I’m	35
thing	35
Queen	34
from	33
She	33
“What	33
Turtle	33
large	32
“You	32
over	31
put	31
herself,	31
again,	31
March	31
Rabbit	30
round	30
looking	30
made	29
long	29
head	29
back	29
heard	29
found	28
first	28
well	27
seemed	27
on,	27
should	27
might	27
can	27
can’t	27
King	27
going	26
make	26
upon	26
tell	26
said,	26
other	26
look	25
rather	25
it’s	25
poor	25
you,	25
last	25
CHAPTER	24
without	24
“It	24
Hatter	24
So	23
took	23
good	23
soon	23
felt	23
than	23
I’ll	23
will	23
now	23
him	23
three	23
Dormouse	23
nothing	22
White	22
come	22
Gryphon	22
getting	21
shall	21
another	21
moment	21
too	21
wish	21
half	21
same	21
won’t	21
them,	21
I’ve	20
right	20
find	20
two	20
“Well,	20
next	20
added	20
There	19
before	19
things	19
“But	19
“Oh,	19
and,	19
“I’m	19
being	19
till	19
“but	19
once	18
eyes	18
take	18
tried	18
her,	18
it,”	18
cried	18
voice	18
this,	17
even	17
sort	17
“And	17
sat	17
Mouse	17
Queen,	17
use	16
under	16
again.	16
is,	16
eat	16
ever	16
turned	16
curious	16
Alice;	16
sure	16
doesn’t	16
“How	16
tone,	16
Hare	16
wonder	15
it.	15
you’re	15
But	15
away	15
door	15
It	15
there’s	15
gave	15
voice,	15
while	15
called	15
we	15
This	15
“The	15
minute	15
Duchess	15
“It’s	15
King,	15
Gryphon.	15
hear	14
here	14
anything	14
near	14
idea	14
was,	14
words	14
off,	14
set	14
“If	14
something	14
He	14
replied	14
both	14
“That’s	14
Gryphon,	14
ran	13
her.	13
_very_	13
ought	13
saw	13
that’s	13
However,	13
knew	13
out,	13
left	13
grow	13
anxiously	13
_I_	13
kept	13
am	13
again	13
whole	13
old	13
“I’ve	13
Hatter.	13
Caterpillar	12
close	12
seen	12
down,	12
wouldn’t	12
many	12
still	12
among	12
through	12
perhaps	12
talking	12
remember	12
behind	12
side	12
every	12
try	12
used	12
As	12
end	12
turning	12
Caterpillar.	12
King.	12
Alice’s	11
beginning	11
day	11
whether	11
hurried	11
see,	11
glad	11
didn’t	11
saying	11
hand	11
feet	11
trying	11
before,	11
because	11
hardly	11
makes	11
deal	11
these	11
always	11
course	11
“Of	11
better	11
wasn’t	11
“Then	11
may	11
it?”	11
Queen.	11
Hare.	11
sitting	10
having	10
people	10
walked	10
enough	10
thinking	10
done	10
nearly	10
voice.	10
talk	10
For	10
Hatter,	10
own	9
suddenly	9
dear!	9
How	9
(she	9
cats	9
couldn’t	9
up,	9
door,	9
opened	9
those	9
few	9
really	9
“No,	9
read	9
waited	9
it:	9
“Come,	9
against	9
far	9
want	9
give	9
“They	9
help	9
queer	9
everything	9
house,	9
it;	9
not,	9
“A	9
afraid	9
“Not	9
change	9
us	9
They	9
Dodo	9
it.”	9
two,	9
rest	9
Then	9
jury	9
shook	9
tone.	9
gone	9
shouted	9
know.”	9
they’re	9
that,”	9
Turtle.	9
join	9
A	8
Queen’s	8
feel	8
making	8
top	8
opportunity	8
name	8
know.	8
else	8
do,	8
“Do	8
matter	8
bit	8
small	8
certainly	8
know,”	8
followed	8
lying	8
speak	8
fan	8
Duchess,	8
hard	8
play	8
herself.	8
Mouse,	8
you’d	8
“We	8
house	8
At	8
“it’s	8
believe	8
_is_	8
explain	8
running	8
asked.	8
“Why,	8
“you	8
“Yes,	8
please	8
itself	8
Rabbit,	8
suppose	8
room	8
reason	8
keep	8
most	8
asked	8
tone	8
repeated	8
beautiful	8
cook	8
Cat	8
on.	8
soldiers	8
“Off	8
Turtle,	8
Who	7
tired	7
could,	7
way,	7
noticed	7
Why,	7
seem	7
heads	7
ask	7
dry	7
low	7
wondering	7
golden	7
round,	7
bright	7
waiting	7
bottle	7
finished	7
face	7
minutes	7
table	7
best	7
that!”	7
leave	7
hastily	7
ready	7
so,	7
changed	7
question	7
goes	7
live	7
first,	7
frightened	7
hadn’t	7
beg	7
our	7
cat	7
let	7
again!”	7
know,	7
offended	7
When	7
why	7
birds	7
party	7
meaning	7
it!”	7
mean	7
_your_	7
I’d	7
“that	7
stood	7
arm	7
grown	7
least	7
you?”	7
begin	7
each	7
haven’t	7
mouth	7
Alice:	7
work	7
where	7
continued	7
“There’s	7
“if	7
word	7
one,	7
head!”	7
Cat,	7
“Why	7
Knave	7
Majesty,”	7
watch	6
feet,	6
world	6
fell	6
fall	6
Let	6
four	6
though	6
it’ll	6
time,	6
manage	6
written	6
answer	6
begun	6
but,	6
open	6
inches	6
neck	6
_that_	6
hold	6
forgotten	6
almost	6
size	6
however,	6
“for	6
game	6
surprised	6
now,	6
kind	6
dear,	6
you,”	6
pool	6
white	6
began,	6
low,	6
feeling	6
times	6
hands	6
repeat	6
then,	6
that?”	6
growing	6
“That	6
about,	6
here,	6
_you_	6
not,”	6
yet	6
dear	6
indeed!”	6
trembling	6
“There	6
slowly	6
spoke.	6
melancholy	6
has	6
thought,	6
“You’re	6
“Come	6
It’s	6
thing!”	6
full	6
then,”	6
hand,	6
place	6
sharp	6
“Who	6
turn	6
creatures	6
told	6
Cheshire	6
baby	6
You	6
dreadfully	6
Hatter:	6
isn’t	6
‘I	6
Dormouse,	6
on!”	6
moral	6
Lobster	5
sister	5
Oh	5
across	5
either	5
In	5
deep	5
happen	5
coming	5
nice	5
_was_	5
Do	5
air,	5
walking	5
jumped	5
say,	5
hall,	5
other,	5
table,	5
key	5
along	5
“it	5
me,”	5
marked	5
children	5
_would_	5
simple	5
cut	5
that,	5
_not_	5
off.	5
ten	5
After	5
generally	5
remembered	5
garden,	5
shoes	5
“or	5
pair	5
Just	5
roof	5
moment,	5
kid	5
gloves	5
hair	5
sounded	5
sudden	5
hands,	5
foot	5
swam	5
“Would	5
eyes,	5
understand	5
sentence	5
tone:	5
conversation.	5
fetch	5
sit	5
them!”	5
her:	5
crowded	5
once,	5
notice	5
“In	5
“the	5
course,	5
silence.	5
course,”	5
exactly	5
dare	5
last,	5
call	5
sighed	5
young	5
“He	5
window,	5
head.	5
become	5
write	5
shouldn’t	5
taking	5
air.	5
broken	5
arm,	5
drew	5
“I’ll	5
puppy	5
arms	5
replied,	5
Here	5
yourself	5
time,”	5
spoke,	5
trees	5
Pigeon	5
you’ve	5
between	5
pepper	5
pleased	5
much,”	5
While	5
everybody	5
Cat.	5
waving	5
mad	5
remarked.	5
so,”	5
tea	5
replied.	5
Hearts,	5
puzzled	5
interrupted	5
piece	5
hedgehog	5
dance.	5
court	5
court,	5
pictures	4
mind	4
hot	4
worth	4
trouble	4
itself,	4
First,	4
sides	4
fear	4
somebody	4
they’ll	4
likely	4
fallen	4
several	4
lessons	4
listen	4
(Alice	4
walk	4
No,	4
Dinah	4
question,	4
“Now,	4
sight,	4
ears	4
except	4
tiny	4
rate	4
second	4
led	4
garden	4
shut	4
taught	4
drink	4
ventured	4
(it	4
fact,	4
nervous	4
while,	4
reach	4
sometimes	4
tears	4
now,”	4
“to	4
eye	4
glass	4
care	4
growing,	4
shan’t	4
new	4
nine	4
until	4
distance,	4
himself	4
dropped	4
she,	4
puzzling	4
capital	4
On	4
seems	4
stay	4
_can_	4
shrinking	4
hastily,	4
chin	4
case	4
number	4
thing,	4
nearer	4
history,	4
again:	4
pardon!”	4
Don’t	4
hurry	4
“Are	4
says	4
go,	4
you’ll	4
high	4
argument	4
said.	4
wanted	4
hastily.	4
more,	4
say,”	4
day,	4
here,”	4
short	4
could.	4
Said	4
sir,	4
finish	4
others	4
moved	4
since	4
Come	4
minute,	4
“Now	4
What	4
chance	4
learn	4
conversation	4
yer	4
him,	4
“So	4
dead	4
lay	4
crowd	4
held	4
do,”	4
An	4
stick,	4
back,	4
mushroom	4
height	4
herself;	4
quietly	4
hookah	4
different	4
yet,”	4
Father	4
stand	4
perfectly	4
“as	4
spoke	4
_have_	4
draw	4
face,	4
screamed	4
sleep	4
taken	4
does	4
strange	4
Footman	4
remark,	4
sneezing	4
timidly,	4
Duchess;	4
jumping	4
carried	4
meant	4
busily	4
beat	4
song,	4
“Don’t	4
all.	4
pig,	4
here?”	4
“Call	4
“I’d	4
fast	4
asleep	4
know—”	4
exclaimed	4
now.”	4
bottom	4
begins	4
gardeners	4
gardeners,	4
pack	4
whispered	4
passed	4
Duchess:	4
Soup	4
things!”	4
school	4
dance?	4
Will	4
Soup!	4
Beau—ootiful	4
Soo—oop!	4
trial	4
writing	4
slates,	4
witness	4
jury,	4
THE	3
Bill	3
Turtle’s	3
Quadrille	3
peeped	3
book	3
considering	3
sleepy	3
next.	3
to,	3
dark	3
filled	3
managed	3
Would	3
miles	3
aloud.	3
see:	3
think—”	3
to?”	3
funny	3
sound	3
girl	3
hope	3
me!	3
mice	3
catch	3
mouse,	3
wonder?”	3
dream	3
Dinah,	3
late	3
hanging	3
middle,	3
key,	3
high:	3
larger	3
Oh,	3
begin.”	3
out-of-the-way	3
happened	3
indeed	3
hoping	3
rules	3
before,”	3
paper	3
hurry.	3
finger	3
finding	3
high,	3
garden.	3
“in	3
fancy	3
decided	3
Alice!	3
possibly	3
legs	3
severely	3
box	3
croquet	3
child	3
fond	3
larger,	3
smaller,	3
“Which	3
Which	3
remained	3
size:	3
expecting	3
way.	3
opening	3
them,”	3
boots	3
side,	3
cry	3
you!”	3
tears,	3
pattering	3
other:	3
muttering	3
Duchess!	3
savage	3
timid	3
please,	3
gloves,	3
_that’s_	3
mine	3
sorts	3
let’s	3
doth	3
crossed	3
tail,	3
grin,	3
spread	3
gently	3
all,	3
putting	3
Tell	3
dear!”	3
Rabbit’s	3
is!”	3
Her	3
sea,	3
general	3
high.	3
That	3
_will_	3
mouse	3
nothing.	3
“Perhaps	3
French	3
William	3
notion	3
angry	3
show	3
thing,”	3
fire,	3
she’s	3
“As	3
oh,	3
throw	3
“Let	3
animals	3
Dodo,	3
Lory	3
natural	3
Lory,	3
important	3
“Did	3
did,”	3
him:	3
over!”	3
pressed	3
pointing	3
confused	3
handed	3
round.	3
grave	3
solemn	3
noise	3
choked	3
certainly,”	3
speaking,	3
met	3
judge,	3
of?”	3
angrily.	3
away.	3
pleaded	3
easily	3
reply.	3
“Please	3
do!”	3
“Hold	3
nobody	3
venture	3
eagerly,	3
carefully,	3
suit	3
children,	3
away,	3
mentioned	3
executed,	3
Where	3
guessed	3
hunting	3
vanished	3
Mary	3
_are_	3
doing	3
now!”	3
real	3
they’d	3
stop	3
By	3
interesting	3
middle	3
me,	3
answered	3
stopped	3
forgetting	3
shriek	3
“Sure,	3
that.”	3
silence	3
sounds	3
hearing	3
Bill’s	3
’em	3
Bill!	3
loud	3
Bill,	3
above	3
confusion	3
did,	3
If	3
moving	3
_what?_”	3
face.	3
wood.	3
difficulty	3
picked	3
run	3
appeared	3
breath,	3
liked	3
edge	3
mushroom,	3
immediately	3
“because	3
politely,	3
brought	3
“Is	3
old,	3
youth,”	3
old,”	3
youth,	3
Yet	3
right,”	3
right,	3
decidedly,	3
replied;	3
angrily,	3
twice,	3
question.	3
green	3
shaking	3
head,	3
succeeded	3
indignantly.	3
her;	3
tree	3
day.	3
girls	3
eggs,	3
silent	3
settled	3
nibbling	3
bringing	3
footman	3
considered	3
letter,	3
saying,	3
Duchess.	3
little,	3
bowed	3
gone,	3
staring	3
howling	3
dish	3
in?”	3
instance,	3
nose,	3
so.	3
repeating	3
like,”	3
nursing	3
baby,	3
ear.	3
hours	3
tossing	3
caught	3
proper	3
grunted	3
less	3
mad.”	3
be,”	3
tail	3
often	3
“Very	3
table.	3
“Have	3
asking	3
shoulder	3
curiosity.	3
o’clock	3
remark	3
was,”	3
_he_	3
sing	3
twinkle,	3
one,”	3
lived	3
tea,”	3
“so	3
remark.	3
Five,	3
Seven	3
none	3
watching	3
checked	3
instantly	3
eager	3
added,	3
needn’t	3
“we	3
unfortunate	3
began.	3
said—”	3
tucked	3
appeared,	3
all,”	3
executioner	3
arches	3
“When	3
is.”	3
Duchess’s	3
hers	3
frowning	3
All	3
“Thank	3
_must_	3
sea.	3
“Yes,”	3
said:	3
Gryphon:	3
Turtle:	3
lobsters,	3
lobsters	3
whiting	3
eagerly	3
tails	3
obliged	3
Panther	3
e—e—evening,	3
Beautiful,	3
trial’s	3
tarts	3
King;	3
jurors	3
yet,	3
tarts,	3
verdict,”	3
teacup	3
Dormouse.	3
down,”	3
wrote	3
“Give	3
evidence,”	3
court.	3
officers	3
twinkling	3
suppressed	3
cook.	3
evidence	3
shrill	3
“Nothing	3
(The	3
verses	3
knee,	3
Adventures	2
Wonderland	2
I.	2
Down	2
Rabbit-Hole	2
II.	2
Pool	2
Tears	2
III.	2
Caucus-Race	2
Long	2
Tale	2
IV.	2
Sends	2
Little	2
V.	2
Advice	2
VI.	2
Pig	2
Pepper	2
VII.	2
Mad	2
Tea-Party	2
VIII.	2
Croquet-Ground	2
IX.	2
Story	2
X.	2
XI.	2
Stole	2
Tarts?	2
XII.	2
Evidence	2
bank,	2
book,”	2
(as	2
pleasure	2
picking	2
remarkable	2
nor	2
“Oh	2
occurred	2
started	2
curiosity,	2
rabbit-hole	2
straight	2
dipped	2
falling	2
well.	2
deep,	2
slowly,	2
anything;	2
cupboards	2
jar	2
tumbling	2
(Which	2
Down,	2
down.	2
_never_	2
earth.	2
thousand	2
learnt	2
showing	2
Latitude	2
Longitude	2
either,	2
grand	2
Presently	2
listening,	2
she’ll	2
afraid,	2
for,	2
thump!	2
leaves,	2
over.	2
passage,	2
wind,	2
corner,	2
longer	2
row	2
doors	2
sadly	2
three-legged	2
alas!	2
them.	2
longed	2
flowers	2
cool	2
shutting	2
Alice,)	2
“DRINK	2
ME,”	2
beautifully	2
wise	2
first,”	2
wild	2
unpleasant	2
things,	2
friends	2
as,	2
burn	2
usually	2
“poison,”	2
certain	2
sooner	2
taste	2
mixed	2
brightened	2
lovely	2
this;	2
altogether,	2
candle	2
happened,	2
glass,	2
cried.	2
crying	2
it),	2
bring	2
playing	2
_one_	2
cake,	2
bit,	2
holding	2
sure,	2
happens	2
dull	2
life	2
forgot	2
myself	2
sending	2
presents	2
struck	2
fact	2
door.	2
eye;	2
ashamed	2
“a	2
same,	2
coming.	2
trotting	2
came,	2
“Oh!	2
one;	2
violently,	2
yesterday	2
usual.	2
age	2
all;	2
Mabel,	2
oh!	2
knows	2
_I’m_	2
and—oh	2
six	2
wrong,	2
lap	2
hoarse	2
neatly	2
With	2
smiling	2
learn!	2
here!	2
down!	2
alone	2
talking.	2
thought.	2
again.”	2
cause	2
change,	2
worse	2
ever,”	2
salt	2
life,	2
wherever	2
digging	2
much!”	2
out.	2
splashing	2
was:	2
slipped	2
use,	2
rate,	2
swimming	2
speaking	2
wink	2
clear	2
hurt	2
shrill,	2
me?”	2
“don’t	2
quiet	2
pool,	2
nicely	2
paws	2
catching	2
over,	2
not.”	2
tail.	2
subject	2
dog	2
you!	2
them—and	2
belongs	2
useful,	2
sorrowful	2
went.	2
pale	2
passion,	2
shore,	2
assembled	2
fur	2
uncomfortable.	2
life.	2
older	2
knowing	2
age,	2
person	2
authority	2
ring,	2
“are	2
whose	2
Morcar,	2
earls	2
Mercia	2
I!”	2
Mouse.	2
archbishop	2
“Found	2
‘it’	2
means	2
enough,	2
hurriedly	2
meet	2
offer	2
continued,	2
all.”	2
move	2
“Speak	2
what’s	2
speak,	2
“Why,”	2
it.)	2
First	2
there.	2
“One,	2
liked,	2
easy	2
race	2
hour	2
panting,	2
forehead	2
position	2
chorus	2
voices	2
pocket,	2
water	2
“Only	2
sadly.	2
solemnly	2
thimble,	2
simply	2
caused	2
confusion,	2
back.	2
sad	2
this:—	2
wasting	2
‘I’ll	2
think?”	2
nonsense!”	2
know!”	2
story!”	2
joined	2
impatiently,	2
“Ah,	2
back!”	2
Some	2
“Nobody	2
lonely	2
mind,	2
went,	2
nowhere	2
Ann,	2
here?	2
direction	2
mistake	2
them.”	2
plate	2
messages	2
think,”	2
ordering	2
drunk	2
bottle,	2
that!	2
elbow	2
curled	2
chimney,	2
“when	2
ordered	2
fancied	2
tone;	2
“at	2
listen.	2
trembled	2
proved	2
“_That_	2
won’t!”	2
snatch	2
concluded	2
Next	2
apples,	2
honour!”	2
“Here!	2
business	2
away!”	2
next!	2
words:	2
together	2
enough;	2
master	2
_think_	2
kick	2
chimney	2
guess	2
“This	2
Bill,”	2
silence,	2
you?	2
squeaking	2
others.	2
voice;	2
instantly,	2
sense,	2
barrowful	2
doubt,	2
shower	2
pebbles	2
rattling	2
hit	2
floor,	2
delighted	2
Lizard,	2
guinea-pigs,	2
giving	2
rush	2
safe	2
wandered	2
again;	2
excellent	2
smallest	2
trees,	2
bark	2
paw,	2
air	2
delight,	2
mouth,	2
distance.	2
much,	2
other;	2
grass,	2
stretched	2
tiptoe,	2
folded,	2
smoking	2
else.	2
addressed	2
_you?_”	2
encouraging	2
morning,	2
then.”	2
“Explain	2
sir,”	2
bit,”	2
contemptuously.	2
gravely,	2
think,	2
are,	2
“Why?”	2
certainly:	2
all?”	2
“No,”	2
unfolded	2
busy	2
different!”	2
“_You	2
But,	2
Pray,	2
weak	2
_quite_	2
wrong	2
minutes.	2
be?”	2
changing	2
often,	2
now?”	2
wretched	2
“You’ll	2
yawned	2
merely	2
remarking	2
“One	2
Caterpillar,	2
difficult	2
broke	2
nibbled	2
violent	2
blow	2
bit.	2
foot,	2
lefthand	2
free	2
shoulders	2
sea	2
leaves	2
distant	2
violently	2
Pigeon.	2
Pigeon,	2
attending	2
Pigeon;	2
serpents	2
shriek,	2
serpent,	2
“Well!	2
changes	2
story	2
no!	2
You’re	2
telling	2
tasted	2
say.”	2
matters	2
_me_,”	2
then!”	2
sulky	2
entangled	2
pieces	2
first;	2
minutes,	2
place,	2
there,”	2
_this_	2
why,	2
next,	2
loudly	2
wood	2
Fish-Footman	2
invitation	2
croquet.”	2
repeated,	2
order	2
together.	2
ground	2
sky.	2
timidly	2
knocking,”	2
Footman,	2
secondly,	2
extraordinary	2
constant	2
remarked,	2
“till	2
him.	2
muttered	2
days	2
him,”	2
leaning	2
stirring	2
cauldron	2
moment’s	2
kitchen	2
cook,	2
ear	2
“why	2
again:—	2
_could_	2
do.”	2
introduce	2
throwing	2
impossible	2
not.	2
growl,	2
“Just	2
takes	2
singing	2
boy,	2
CHORUS.	2
“Wow!	2
wow!	2
wow!”	2
sang	2
words:—	2
thoroughly	2
threw	2
missed	2
creature,	2
directions,	2
twist	2
loud,	2
yourself.”	2
tears.	2
creature	2
neither	2
up,”	2
startled	2
grinned	2
far,”	2
go,”	2
“—so	2
direction,”	2
“lives	2
Cat:	2
here.	2
mad.	2
mad?”	2
here.”	2
with,”	2
Now	2
“_I_	2
yet.”	2
became	2
pig,”	2
raving	2
tree.	2
suddenly:	2
giddy.”	2
“All	2
life!”	2
sight	2
shaped	2
raised	2
“Suppose	2
front	2
asleep,	2
using	2
resting	2
Dormouse,”	2
No	2
room!”	2
wine,”	2
civil	2
laid	2
“Your	2
wants	2
personal	2
“Exactly	2
mean,”	2
Hare,	2
“Two	2
angrily	2
_best_	2
well,”	2
tells	2
“Does	2
year	2
puzzled.	2
yet?”	2
replied:	2
cautiously	2
music.”	2
“Ah!	2
(“I	2
hungry	2
verse,”	2
time!	2
Off	2
“he	2
sigh:	2
we’ve	2
wash	2
suppose?”	2
up.”	2
again?”	2
interrupted,	2
lady	2
“Wake	2
pinched	2
once.	2
eyes.	2
hurry;	2
on?”	2
questions	2
ill.”	2
were,”	2
Dormouse;	2
like,	2
on:	2
well?”	2
“Take	2
this:	2
bread-and-butter,	2
sulkily	2
learning	2
“Treacle,”	2
time.	2
on.”	2
advantage	2
upset	2
treacle	2
interrupting	2
rubbing	2
silent.	2
closed	2
“Really,	2
once.”	2
painting	2
Five!	2
beheaded!”	2
for?”	2
business!”	2
instead	2
nothing,	2
Miss,	2
rose-tree,	2
best,	2
themselves	2
carrying	2
ornamented	2
royal	2
King’s	2
crown	2
crimson	2
procession,	2
doubtful	2
lie	2
rule	2
faces,	2
waited.	2
procession	2
smiled	2
“What’s	2
“My	2
soldiers,	2
know?”	2
child!”	2
“Turn	2
“Get	2
Majesty!”	2
silent,	2
fine	2
side.	2
“She’s	2
‘What	2
“She	2
body	2
generally,	2
unrolled	2
players	2
turns,	2
quarrelling	2
stamping	2
shouting	2
dispute	2
“what	2
come,	2
game,	2
confusing	2
Cat’s	2
friend	2
King:	2
book,	2
myself,”	2
executed	2
fight	2
flamingo	2
sight:	2
collected	2
entirely	2
wildly	2
forget	2
hasn’t	2
keeping	2
chin.	2
“’Tis	2
’tis	2
love,	2
anxious	2
mustard	2
is,”	2
agree	2
said;	2
otherwise	2
surprise,	2
word,	2
guests	2
players,	2
custody	2
executions	2
watched	2
fancy,	2
that:	2
nobody,	2
sighing	2
heart	2
_ever_	2
These	2
heavy	2
sobbing	2
didn’t!”	2
tongue!”	2
proud	2
relief.	2
regular	2
surprise.	2
faces	2
subject.	2
lessons,”	2
deeply,	2
sobs	2
recovered	2
delightful	2
indeed,”	2
dance	2
sea!”	2
treading	2
mark	2
us,	2
pale,	2
whiting,”	2
thoughtfully.	2
“They’re	2
impatiently:	2
thoughts	2
fish	2
adventures	2
[later	2
editions	2
follows	2
tones	2
“Go	2
Owl	2
finished,	2
“Beautiful	2
evening,	2
Soo—oop	2
cares	2
Soup?	2
parchment	2
other.	2
done,”	2
twelve	2
quickly	2
blew	2
blasts	2
trumpet,	2
summer	2
“Consider	2
jury.	2
witness!”	2
bread-and-butter	2
sent	2
all:	2
“not	2
list	2
man,	2
“—and	2
week	2
deny	2
remember,”	2
miserable	2
cheered,	2
reading	2
Majesty	2
cross-examine	2
witness.”	2
him!	2
jurymen	2
goldfish	2
before.	2
jury-box,	2
Lizard	2
“_Un_important,	2
mile	2
high,”	2
directed	2
jurymen.	2
signed	2
returned	2
atom	2
sister,	2
wonderful	2
around	2
grass	2
teacups	2
ALICE’S	1
ADVENTURES	1
IN	1
WONDERLAND	1
***	1
Produced	1
Arthur	1
DiBianca	1
David	1
Widger	1
[Illustration]	1
Lewis	1
Carroll	1
MILLENNIUM	1
FULCRUM	1
EDITION	1
3.0	1
Contents	1
do:	1
twice	1
reading,	1
conversations	1
“without	1
conversations?”	1
stupid),	1
daisy-chain	1
daisies,	1
pink	1
that;	1
late!”	1
(when	1
afterwards,	1
wondered	1
natural);	1
actually	1
_took	1
waistcoat-pocket_,	1
flashed	1
rabbit	1
waistcoat-pocket,	1
burning	1
field	1
fortunately	1
pop	1
hedge.	1
tunnel	1
stopping	1
Either	1
plenty	1
well,	1
book-shelves;	1
maps	1
hung	1
pegs.	1
shelves	1
passed;	1
labelled	1
“ORANGE	1
MARMALADE”,	1
disappointment	1
empty:	1
drop	1
killing	1
underneath,	1
past	1
“Well!”	1
“after	1
stairs!	1
brave	1
home!	1
house!”	1
true.)	1
end?	1
time?”	1
somewhere	1
centre	1
(for,	1
schoolroom,	1
knowledge,	1
practice	1
over)	1
“—yes,	1
distance—but	1
say.)	1
_through_	1
earth!	1
downward!	1
Antipathies,	1
word)	1
“—but	1
country	1
Please,	1
Ma’am,	1
New	1
Zealand	1
Australia?”	1
(and	1
curtsey	1
spoke—fancy	1
_curtseying_	1
air!	1
it?)	1
ignorant	1
asking!	1
ask:	1
somewhere.”	1
“Dinah’ll	1
miss	1
to-night,	1
think!”	1
(Dinah	1
cat.)	1
saucer	1
milk	1
tea-time.	1
bat,	1
bats,	1
sleepy,	1
dreamy	1
bats?	1
bats?”	1
sometimes,	1
bats	1
cats?”	1
dozing	1
earnestly,	1
truth:	1
bat?”	1
suddenly,	1
heap	1
sticks	1
hurt,	1
moment:	1
overhead;	1
hurrying	1
lost:	1
whiskers,	1
getting!”	1
seen:	1
long,	1
lit	1
lamps	1
roof.	1
locked;	1
Suddenly	1
solid	1
glass;	1
belong	1
hall;	1
locks	1
large,	1
small,	1
curtain	1
fifteen	1
lock,	1
delight	1
fitted!	1
rat-hole:	1
knelt	1
passage	1
loveliest	1
saw.	1
wander	1
beds	1
fountains,	1
doorway;	1
through,”	1
shoulders.	1
telescope!	1
For,	1
lately,	1
impossible.	1
telescopes:	1
(“which	1
label,	1
printed	1
letters.	1
“Drink	1
‘_poison_’	1
not”;	1
histories	1
burnt,	1
eaten	1
beasts	1
them:	1
red-hot	1
poker	1
long;	1
deeply	1
knife,	1
bleeds;	1
disagree	1
later.	1
nice,	1
had,	1
flavour	1
cherry-tart,	1
custard,	1
pine-apple,	1
roast	1
turkey,	1
toffee,	1
buttered	1
toast,)	1
feeling!”	1
telescope.”	1
indeed:	1
shrink	1
further:	1
end,	1
candle.	1
then?”	1
flame	1
blown	1
thing.	1
once;	1
alas	1
plainly	1
climb	1
slippery;	1
trying,	1
sharply;	1
advise	1
minute!”	1
advice,	1
(though	1
seldom	1
scolded	1
eyes;	1
cheated	1
pretending	1
people.	1
pretend	1
people!	1
respectable	1
person!”	1
Soon	1
table:	1
“EAT	1
ME”	1
currants.	1
key;	1
creep	1
door;	1
happens!”	1
ate	1
way?	1
way?”,	1
eats	1
happen,	1
stupid	1
common	1
work,	1
cake.	1
“Curiouser	1
curiouser!”	1
surprised,	1
English);	1
“now	1
largest	1
telescope	1
was!	1
Good-bye,	1
feet!”	1
(for	1
off).	1
stockings	1
dears?	1
able!	1
you:	1
can;—but	1
go!	1
Christmas.”	1
planning	1
carrier,”	1
thought;	1
seem,	1
one’s	1
feet!	1
odd	1
directions	1
look!	1
_Alice’s	1
Right	1
Foot,	1
Esq.,	1
Hearthrug,	1
Fender,_	1
(_with	1
love_).	1
nonsense	1
talking!”	1
hall:	1
Poor	1
hopeless	1
ever:	1
yourself,”	1
this),	1
way!	1
Stop	1
shedding	1
gallons	1
reaching	1
hall.	1
dried	1
returning,	1
splendidly	1
dressed,	1
hurry,	1
Oh!	1
waiting!”	1
desperate	1
sir—”	1
fan,	1
skurried	1
darkness	1
go.	1
hall	1
hot,	1
fanning	1
talking:	1
“Dear,	1
to-day!	1
night?	1
think:	1
morning?	1
different.	1
I?	1
Ah,	1
puzzle!”	1
Ada,”	1
ringlets,	1
ringlets	1
little!	1
Besides,	1
_she’s_	1
I,	1
is!	1
five	1
twelve,	1
thirteen,	1
seven	1
is—oh	1
twenty	1
rate!	1
Multiplication	1
Table	1
signify:	1
Geography.	1
London	1
Paris,	1
Paris	1
Rome,	1
Rome—no,	1
certain!	1
Mabel!	1
‘_How	1
little_—’”	1
lessons,	1
strange,	1
do:—	1
crocodile	1
Improve	1
shining	1
pour	1
waters	1
Nile	1
scale!	1
cheerfully	1
claws,	1
welcome	1
fishes	1
jaws!”	1
words,”	1
Mabel	1
poky	1
toys	1
with,	1
It’ll	1
‘Come	1
dear!’	1
‘Who	1
then?	1
person,	1
up:	1
else’—but,	1
oh	1
burst	1
here!”	1
measure	1
guess,	1
rapidly:	1
holding,	1
avoid	1
altogether.	1
narrow	1
escape!”	1
existence;	1
garden!”	1
speed	1
door:	1
child,	1
never!	1
declare	1
bad,	1
slipped,	1
splash!	1
water.	1
somehow	1
railway,”	1
seaside	1
conclusion,	1
English	1
coast	1
bathing	1
machines	1
sand	1
wooden	1
spades,	1
lodging	1
houses,	1
railway	1
station.)	1
wept	1
punished	1
suppose,	1
drowned	1
tears!	1
sure!	1
to-day.”	1
walrus	1
hippopotamus,	1
mouse?	1
Everything	1
talk:	1
harm	1
trying.”	1
began:	1
“O	1
pool?	1
O	1
Mouse!”	1
mouse:	1
brother’s	1
Latin	1
Grammar,	1
mouse—of	1
mouse—to	1
mouse—a	1
mouse—O	1
mouse!”)	1
inquisitively,	1
English,”	1
daresay	1
Conqueror.”	1
(For,	1
knowledge	1
ago	1
happened.)	1
“Où	1
est	1
ma	1
chatte?”	1
lesson-book.	1
leap	1
water,	1
quiver	1
fright.	1
animal’s	1
feelings.	1
cats.”	1
cats!”	1
passionate	1
soothing	1
Dinah:	1
lazily	1
sits	1
purring	1
licking	1
washing	1
face—and	1
soft	1
nurse—and	1
mice—oh,	1
bristling	1
offended.	1
subject!	1
Our	1
family	1
_hated_	1
cats:	1
nasty,	1
vulgar	1
things!	1
you—are	1
fond—of—of	1
dogs?”	1
answer,	1
eagerly:	1
bright-eyed	1
terrier,	1
curly	1
brown	1
hair!	1
dinner,	1
things—I	1
farmer,	1
hundred	1
pounds!	1
kills	1
rats	1
commotion	1
softly	1
“Mouse	1
dogs	1
(with	1
thought),	1
hate	1
dogs.”	1
Duck	1
Eaglet,	1
creatures.	1
shore.	1
queer-looking	1
bank—the	1
draggled	1
feathers,	1
clinging	1
dripping	1
wet,	1
cross,	1
consultation	1
familiarly	1
known	1
Indeed,	1
sulky,	1
better;”	1
allow	1
positively	1
refused	1
“Sit	1
_I’ll_	1
enough!”	1
middle.	1
fixed	1
bad	1
cold	1
soon.	1
“Ahem!”	1
ready?	1
driest	1
Silence	1
please!	1
‘William	1
Conqueror,	1
favoured	1
pope,	1
submitted	1
English,	1
leaders,	1
accustomed	1
usurpation	1
conquest.	1
Edwin	1
Northumbria—’”	1
“Ugh!”	1
shiver.	1
frowning,	1
politely:	1
speak?”	1
“—I	1
proceed.	1
‘Edwin	1
Northumbria,	1
declared	1
Stigand,	1
patriotic	1
Canterbury,	1
advisable—’”	1
_what_?”	1
Duck.	1
_it_,”	1
crossly:	1
“of	1
means.”	1
Duck:	1
frog	1
worm.	1
find?”	1
“‘—found	1
advisable	1
Edgar	1
Atheling	1
crown.	1
William’s	1
conduct	1
moderate.	1
insolence	1
Normans—’	1
dear?”	1
wet	1
case,”	1
solemnly,	1
rising	1
meeting	1
adjourn,	1
immediate	1
adoption	1
energetic	1
remedies—”	1
English!”	1
Eaglet.	1
words,	1
either!”	1
Eaglet	1
bent	1
hide	1
smile:	1
tittered	1
audibly.	1
“was,	1
Caucus-race.”	1
Caucus-race?”	1
paused	1
_somebody_	1
inclined	1
anything.	1
(And,	1
yourself,	1
winter	1
race-course,	1
circle,	1
(“the	1
exact	1
shape	1
matter,”	1
said,)	1
placed	1
three,	1
away,”	1
asking,	1
won?”	1
(the	1
Shakespeare,	1
him),	1
“_Everybody_	1
won,	1
prizes.”	1
prizes?”	1
_she_,	1
finger;	1
calling	1
“Prizes!	1
Prizes!”	1
despair	1
pulled	1
comfits,	1
(luckily	1
prizes.	1
a-piece,	1
prize	1
gravely.	1
pocket?”	1
thimble,”	1
“Hand	1
Dodo.	1
presented	1
acceptance	1
elegant	1
thimble;”	1
speech,	1
cheered.	1
absurd,	1
laugh;	1
bowed,	1
comfits:	1
complained	1
theirs,	1
ones	1
patted	1
begged	1
more.	1
promised	1
hate—C	1
D,”	1
whisper,	1
“Mine	1
tale!”	1
sighing.	1
Mouse’s	1
tail;	1
sad?”	1
tale	1
“Fury	1
‘Let	1
law:	1
prosecute	1
_you_.—Come,	1
denial;	1
We	1
trial:	1
morning	1
do.’	1
cur,	1
‘Such	1
trial,	1
breath.’	1
jury,’	1
cunning	1
Fury:	1
cause,	1
condemn	1
death.’”	1
attending!”	1
severely.	1
pardon,”	1
humbly:	1
fifth	1
bend,	1
_not!_”	1
sharply	1
knot!”	1
undo	1
sort,”	1
insult	1
offended,	1
growled	1
chorus,	1
quicker.	1
pity	1
stay!”	1
sight;	1
Crab	1
daughter	1
lesson	1
lose	1
temper!”	1
tongue,	1
Ma!”	1
Crab,	1
snappishly.	1
patience	1
oyster!”	1
aloud,	1
addressing	1
particular.	1
“She’d	1
question?”	1
Lory.	1
pet:	1
“Dinah’s	1
cat.	1
think!	1
birds!	1
bird	1
speech	1
sensation	1
party.	1
once:	1
Magpie	1
wrapping	1
remarking,	1
home;	1
night-air	1
throat!”	1
Canary	1
dears!	1
bed!”	1
various	1
pretexts	1
alone.	1
Dinah!”	1
world!	1
Dinah!	1
more!”	1
low-spirited.	1
footsteps	1
story.	1
lost	1
something;	1
paws!	1
whiskers!	1
She’ll	1
ferrets	1
ferrets!	1
good-naturedly	1
seen—everything	1
swim	1
completely.	1
Very	1
Run	1
home	1
fan!	1
Quick,	1
pointed	1
made.	1
housemaid,”	1
ran.	1
he’ll	1
finds	1
am!	1
gloves—that	1
neat	1
brass	1
“W.	1
RABBIT,”	1
engraved	1
knocking,	1
upstairs,	1
lest	1
gloves.	1
seems,”	1
rabbit!	1
Dinah’ll	1
next!”	1
fancying	1
happen:	1
“‘Miss	1
directly,	1
walk!’	1
‘Coming	1
nurse!	1
out.’	1
Only	1
tidy	1
hoped)	1
pairs	1
gloves:	1
room,	1
looking-glass.	1
label	1
nevertheless	1
uncorked	1
lips.	1
_something_	1
happen,”	1
“whenever	1
does.	1
indeed,	1
expected:	1
pressing	1
ceiling,	1
stoop	1
save	1
broken.	1
enough—I	1
more—As	1
door—I	1
Alas!	1
kneel	1
floor:	1
effect	1
Still	1
resource,	1
whatever	1
happens.	1
Luckily	1
magic	1
effect,	1
grew	1
larger:	1
uncomfortable,	1
unhappy.	1
pleasanter	1
home,”	1
rabbits.	1
rabbit-hole—and	1
yet—and	1
yet—it’s	1
curious,	1
life!	1
fairy-tales,	1
one!	1
ought!	1
one—but	1
_here_.”	1
“shall	1
now?	1
That’ll	1
comfort,	1
way—never	1
woman—but	1
then—always	1
_that!_”	1
foolish	1
Alice!”	1
_you_,	1
lesson-books!”	1
altogether;	1
outside,	1
“Mary	1
Ann!	1
Ann!”	1
“Fetch	1
moment!”	1
stairs.	1
inwards,	1
attempt	1
failure.	1
window.”	1
anything,	1
fall,	1
crash	1
possible	1
cucumber-frame,	1
sort.	1
voice—the	1
Rabbit’s—“Pat!	1
Pat!	1
“Sure	1
Digging	1
“Digging	1
_this!_”	1
(Sounds	1
glass.)	1
Pat,	1
window?”	1
(He	1
pronounced	1
“arrum.”)	1
“An	1
goose!	1
size?	1
fills	1
window!”	1
does,	1
honour:	1
there,	1
rate:	1
whispers	1
then;	1
honour,	1
all!”	1
coward!”	1
_two_	1
shrieks,	1
glass.	1
cucumber-frames	1
be!”	1
pulling	1
_could!_	1
longer!”	1
more:	1
rumbling	1
cartwheels,	1
together:	1
“Where’s	1
ladder?—Why,	1
other—Bill!	1
lad!—Here,	1
corner—No,	1
tie	1
first—they	1
yet—Oh!	1
particular—Here,	1
rope—Will	1
bear?—Mind	1
loose	1
slate—Oh,	1
Heads	1
below!”	1
(a	1
crash)—“Now,	1
that?—It	1
fancy—Who’s	1
chimney?—Nay,	1
shan’t!	1
_You_	1
it!—_That_	1
won’t,	1
then!—Bill’s	1
down—Here,	1
chimney!”	1
he?”	1
“Shy,	1
deal:	1
fireplace	1
narrow,	1
sure;	1
little!”	1
animal	1
was)	1
scratching	1
scrambling	1
kick,	1
Bill!”	1
along—“Catch	1
hedge!”	1
voices—“Hold	1
head—Brandy	1
now—Don’t	1
choke	1
him—How	1
fellow?	1
Last	1
feeble,	1
(“That’s	1
know—No	1
thank	1
ye;	1
now—but	1
flustered	1
you—all	1
comes	1
Jack-in-the-box,	1
sky-rocket!”	1
fellow!”	1
down!”	1
off.”	1
with.”	1
this,”	1
“You’d	1
produced	1
surprise	1
cakes	1
cakes,”	1
_some_	1
size;	1
suppose.”	1
swallowed	1
cakes,	1
directly.	1
outside.	1
bottle.	1
appeared;	1
thick	1
wood,	1
“is	1
plan.”	1
plan,	1
arranged;	1
peering	1
enormous	1
feebly	1
stretching	1
touch	1
“Poor	1
coaxing	1
whistle	1
terribly	1
hungry,	1
spite	1
coaxing.	1
Hardly	1
puppy;	1
whereupon	1
yelp	1
rushed	1
worry	1
dodged	1
thistle,	1
over;	1
tumbled	1
heels	1
cart-horse,	1
trampled	1
thistle	1
series	1
charges	1
forwards	1
barking	1
hoarsely	1
tongue	1
shut.	1
escape;	1
puppy’s	1
faint	1
was!”	1
leant	1
buttercup	1
fanned	1
leaves:	1
teaching	1
tricks	1
if—if	1
it!	1
again!	1
see—how	1
managed?	1
what?”	1
what?	1
blades	1
circumstances.	1
blue	1
caterpillar,	1
hookah,	1
silence:	1
languid,	1
shyly,	1
“I—I	1
present—at	1
sternly.	1
yourself!”	1
_myself_,	1
myself,	1
see.”	1
see,”	1
clearly,”	1
with;	1
sizes	1
confusing.”	1
isn’t,”	1
chrysalis—you	1
know—and	1
butterfly,	1
queer,	1
feelings	1
different,”	1
“all	1
_me_.”	1
“You!”	1
irritated	1
Caterpillar’s	1
remarks,	1
first.”	1
question;	1
reason,	1
state	1
say!”	1
promising,	1
“Keep	1
temper,”	1
swallowing	1
anger	1
wait,	1
hearing.	1
puffed	1
arms,	1
changed,	1
am,	1
used—and	1
together!”	1
“Can’t	1
_what_	1
things?”	1
bee,”	1
“Repeat,	1
William_,’”	1
folded	1
began:—	1
William,”	1
man	1
white;	1
incessantly	1
head—	1
right?”	1
son,	1
feared	1
injure	1
brain;	1
none,	1
uncommonly	1
fat;	1
back-somersault	1
door—	1
sage,	1
grey	1
locks,	1
limbs	1
supple	1
ointment—one	1
shilling	1
box—	1
Allow	1
sell	1
couple?”	1
jaws	1
tougher	1
suet;	1
goose,	1
bones	1
beak—	1
father,	1
law,	1
argued	1
wife;	1
muscular	1
strength,	1
jaw,	1
Has	1
lasted	1
life.”	1
“one	1
steady	1
ever;	1
balanced	1
eel	1
nose—	1
awfully	1
clever?”	1
questions,	1
enough,”	1
father;	1
airs!	1
stuff?	1
Be	1
stairs!”	1
afraid,”	1
timidly;	1
“some	1
altered.”	1
end,”	1
speak.	1
particular	1
size,”	1
“only	1
_don’t_	1
nothing:	1
contradicted	1
losing	1
temper.	1
content	1
_little_	1
mind,”	1
“three	1
be.”	1
rearing	1
upright	1
high).	1
piteous	1
offended!”	1
Caterpillar;	1
patiently	1
chose	1
itself.	1
crawled	1
taller,	1
shorter.”	1
_what?_	1
mushroom,”	1
aloud;	1
sight.	1
thoughtfully	1
hand.	1
which?”	1
right-hand	1
effect:	1
underneath	1
chin:	1
foot!	1
lost,	1
rapidly;	1
closely	1
mouth;	1
swallow	1
morsel	1
head’s	1
last!”	1
alarm	1
found:	1
immense	1
length	1
neck,	1
rise	1
stalk	1
below	1
stuff	1
to?	1
result	1
follow,	1
leaves.	1
bend	1
direction,	1
serpent.	1
curving	1
graceful	1
zigzag,	1
dive	1
tops	1
wandering,	1
hiss	1
hurry:	1
pigeon	1
flown	1
beating	1
wings.	1
“Serpent!”	1
serpent!”	1
alone!”	1
“Serpent,	1
subdued	1
sob,	1
about,”	1
roots	1
banks,	1
hedges,”	1
serpents!	1
There’s	1
pleasing	1
puzzled,	1
finished.	1
hatching	1
eggs,”	1
look-out	1
night	1
day!	1
weeks!”	1
sorry	1
annoyed,”	1
meaning.	1
highest	1
wood,”	1
raising	1
needs	1
wriggling	1
sky!	1
Ugh,	1
Serpent!”	1
a—I’m	1
a—”	1
_What_	1
invent	1
something!”	1
“I—I’m	1
girl,”	1
doubtfully,	1
deepest	1
contempt.	1
serpent;	1
denying	1
egg!”	1
truthful	1
child;	1
eggs	1
adding,	1
serpent?”	1
hastily;	1
happens;	1
_yours_:	1
raw.”	1
nest.	1
crouched	1
branches,	1
untwist	1
taller	1
shorter,	1
usual	1
height.	1
size,	1
plan	1
now!	1
are!	1
be,	1
another!	1
garden—how	1
done,	1
“Whoever	1
lives	1
“it’ll	1
frighten	1
wits!”	1
righthand	1
livery	1
wood—(she	1
livery:	1
otherwise,	1
judging	1
only,	1
fish)—and	1
rapped	1
knuckles.	1
livery,	1
frog;	1
footmen,	1
noticed,	1
powdered	1
heads.	1
crept	1
producing	1
himself,	1
“For	1
Frog-Footman	1
“From	1
curls	1
laughed	1
stupidly	1
knocked.	1
reasons.	1
are;	1
inside,	1
you.”	1
within—a	1
sneezing,	1
crash,	1
kettle	1
pieces.	1
“Please,	1
“how	1
sense	1
us.	1
_inside_,	1
knock,	1
sky	1
decidedly	1
uncivil.	1
“his	1
questions.—How	1
tomorrow—”	1
opened,	1
skimming	1
Footman’s	1
head:	1
grazed	1
“—or	1
maybe,”	1
happened.	1
louder	1
“_Are_	1
Footman.	1
doubt:	1
dreadful,”	1
argue.	1
drive	1
crazy!”	1
variations.	1
“on	1
days.”	1
do?”	1
“Anything	1
whistling.	1
desperately:	1
“he’s	1
idiotic!”	1
in.	1
kitchen,	1
smoke	1
stool	1
baby;	1
soup.	1
soup!”	1
sneezing.	1
Even	1
sneezed	1
occasionally;	1
alternately	1
pause.	1
sneeze,	1
hearth	1
grinning	1
manners	1
grins	1
cat,”	1
why.	1
Pig!”	1
violence	1
jumped;	1
courage,	1
grinned;	1
grin.”	1
can,”	1
fact.”	1
fix	1
soup	1
within	1
baby—the	1
fire-irons	1
saucepans,	1
plates,	1
dishes.	1
already,	1
blows	1
_please_	1
doing!”	1
agony	1
terror.	1
_precious_	1
nose!”	1
unusually	1
saucepan	1
flew	1
minded	1
business,”	1
faster	1
does.”	1
advantage,”	1
knowledge.	1
night!	1
earth	1
twenty-four	1
axis—”	1
“Talking	1
axes,”	1
“chop	1
glanced	1
hint;	1
soup,	1
“Twenty-four	1
hours,	1
_think_;	1
twelve?	1
I—”	1
bother	1
abide	1
figures!”	1
lullaby	1
shake	1
line:	1
roughly	1
sneezes:	1
annoy,	1
Because	1
teases.”	1
(In	1
joined):	1
verse	1
howled	1
sneezes;	1
enjoy	1
pleases!”	1
nurse	1
like!”	1
flinging	1
Queen,”	1
room.	1
frying-pan	1
difficulty,	1
queer-shaped	1
“just	1
star-fish,”	1
snorting	1
steam-engine	1
doubling	1
straightening	1
(which	1
knot,	1
tight	1
prevent	1
undoing	1
itself,)	1
“they’re	1
kill	1
two:	1
murder	1
behind?”	1
reply	1
time).	1
grunt,”	1
“that’s	1
expressing	1
doubt	1
turn-up	1
snout	1
nose;	1
also	1
extremely	1
baby:	1
altogether	1
sobbing,”	1
dear,”	1
seriously,	1
you.	1
Mind	1
sobbed	1
(or	1
grunted,	1
which),	1
home?”	1
alarm.	1
_no_	1
absurd	1
carry	1
further.	1
relieved	1
trot	1
ugly	1
child:	1
handsome	1
think.”	1
knew,	1
pigs,	1
them—”	1
seeing	1
bough	1
yards	1
good-natured,	1
thought:	1
claws	1
teeth,	1
treated	1
respect.	1
“Cheshire	1
Puss,”	1
name:	1
wider.	1
depends	1
to,”	1
where—”	1
_somewhere_,”	1
explanation.	1
enough.”	1
denied,	1
paw	1
Visit	1
like:	1
people,”	1
“we’re	1
“To	1
dog’s	1
grant	1
growls	1
angry,	1
wags	1
pleased.	1
growl	1
pleased,	1
wag	1
angry.	1
Therefore	1
purring,	1
growling,”	1
to-day?”	1
invited	1
vanished.	1
happening.	1
been,	1
“By-the-bye,	1
baby?”	1
ask.”	1
would,”	1
appear,	1
live.	1
hatters	1
interesting,	1
May	1
mad—at	1
March.”	1
branch	1
fig?”	1
appearing	1
vanishing	1
Cat;	1
ending	1
gone.	1
grin,”	1
grin	1
cat!	1
farther	1
Hare:	1
chimneys	1
thatched	1
fur.	1
towards	1
all!	1
instead!”	1
cushion,	1
elbows	1
uncomfortable	1
“only,	1
mind.”	1
corner	1
“No	1
room!	1
_plenty_	1
indignantly,	1
arm-chair	1
tea.	1
any,”	1
invited,”	1
table,”	1
three.”	1
cutting,”	1
speech.	1
remarks,”	1
severity;	1
rude.”	1
wide	1
_said_	1
raven	1
writing-desk?”	1
fun	1
they’ve	1
riddles.—I	1
least—at	1
say—that’s	1
bit!”	1
eat’	1
see’!”	1
get’	1
like’!”	1
sleep,	1
breathe	1
sleep’	1
breathe’!”	1
dropped,	1
ravens	1
writing-desks,	1
much.	1
break	1
month	1
uneasily,	1
fourth.”	1
wrong!”	1
butter	1
works!”	1
butter,”	1
meekly	1
crumbs	1
grumbled:	1
bread-knife.”	1
gloomily:	1
cup	1
tea,	1
butter,	1
watch!”	1
month,	1
is?”	1
readily:	1
stays	1
together.”	1
_mine_,”	1
Hatter’s	1
English.	1
politely	1
again,”	1
poured	1
nose.	1
course;	1
myself.”	1
riddle	1
“what’s	1
answer?”	1
slightest	1
idea,”	1
“Nor	1
I,”	1
wearily.	1
“than	1
waste	1
riddles	1
answers.”	1
Time	1
_it_.	1
_him_.”	1
don’t!”	1
Time!”	1
accounts	1
beating.	1
Now,	1
terms	1
he’d	1
clock.	1
lessons:	1
whisper	1
hint	1
Time,	1
clock	1
twinkling!	1
Half-past	1
dinner!”	1
whisper.)	1
grand,	1
thoughtfully:	1
then—I	1
perhaps,”	1
half-past	1
liked.”	1
manage?”	1
mournfully.	1
quarrelled	1
March—just	1
mad,	1
(pointing	1
spoon	1
Hare,)	1
“—it	1
concert	1
given	1
‘Twinkle,	1
bat!	1
at!’	1
perhaps?”	1
way:—	1
‘Up	1
fly,	1
Like	1
tea-tray	1
Twinkle,	1
twinkle—’”	1
“_Twinkle,	1
twinkle_—”	1
pinch	1
stop.	1
bawled	1
‘He’s	1
murdering	1
head!’”	1
savage!”	1
mournful	1
ask!	1
tea-things	1
tea-time,	1
whiles.”	1
ask.	1
subject,”	1
yawning.	1
this.	1
vote	1
story.”	1
alarmed	1
proposal.	1
shall!”	1
Dormouse!”	1
asleep,”	1
hoarse,	1
feeble	1
voice:	1
fellows	1
saying.”	1
“Tell	1
quick	1
done.”	1
“Once	1
sisters,”	1
names	1
Elsie,	1
Lacie,	1
Tillie;	1
well—”	1
interest	1
eating	1
drinking.	1
treacle,”	1
two.	1
remarked;	1
“they’d	1
“_very_	1
ways	1
living	1
earnestly.	1
more.”	1
_less_,”	1
_more_	1
nothing.”	1
opinion,”	1
“Who’s	1
remarks	1
triumphantly.	1
helped	1
treacle-well.”	1
“Sh!	1
sh!”	1
civil,	1
humbly;	1
interrupt	1
_one_.”	1
consented	1
sisters—they	1
draw,	1
draw?”	1
promise.	1
clean	1
cup,”	1
“let’s	1
Dormouse’s	1
unwillingly	1
change:	1
milk-jug	1
plate.	1
offend	1
cautiously:	1
understand.	1
from?”	1
water-well,”	1
Hatter;	1
treacle-well—eh,	1
stupid?”	1
_in_	1
choosing	1
“—well	1
in.”	1
draw,”	1
yawning	1
sleepy;	1
manner	1
things—everything	1
M—”	1
M?”	1
not?”	1
doze;	1
woke	1
“—that	1
M,	1
mouse-traps,	1
moon,	1
memory,	1
muchness—you	1
“much	1
muchness”—did	1
drawing	1
muchness?”	1
confused,	1
talk,”	1
rudeness	1
bear:	1
disgust,	1
off;	1
going,	1
teapot.	1
“At	1
_there_	1
stupidest	1
tea-party	1
leading	1
curious!”	1
everything’s	1
today.	1
Once	1
unlocking	1
pocket)	1
passage:	1
_then_—she	1
flower-beds	1
fountains.	1
rose-tree	1
entrance	1
garden:	1
roses	1
white,	1
red.	1
“Look	1
paint	1
“Seven	1
jogged	1
elbow.”	1
Always	1
blame	1
others!”	1
“_You’d_	1
talk!”	1
Five.	1
deserved	1
spoken	1
first.	1
business,	1
Two!”	1
Seven.	1
him—it	1
tulip-roots	1
onions.”	1
flung	1
brush,	1
unjust	1
things—”	1
chanced	1
also,	1
low.	1
roses?”	1
Five	1
Two.	1
Two	1
_red_	1
mistake;	1
we’re	1
afore	1
comes,	1
to—”	1
Queen!	1
Queen!”	1
flat	1
faces.	1
footsteps,	1
clubs;	1
oblong	1
flat,	1
corners:	1
courtiers;	1
diamonds,	1
did.	1
children;	1
dears	1
merrily	1
couples:	1
hearts.	1
guests,	1
mostly	1
Kings	1
Queens,	1
recognised	1
Rabbit:	1
manner,	1
noticing	1
velvet	1
cushion;	1
KING	1
AND	1
QUEEN	1
OF	1
HEARTS.	1
processions;	1
besides,	1
procession,”	1
opposite	1
this?”	1
“Idiot!”	1
impatiently;	1
name,	1
child?”	1
politely;	1
cards,	1
_these?_”	1
rose-tree;	1
pattern	1
backs	1
pack,	1
courtiers,	1
children.	1
courage.	1
_mine_.”	1
fury,	1
glaring	1
beast,	1
head!	1
Off—”	1
“Nonsense!”	1
“Consider,	1
dear:	1
foot.	1
up!”	1
bowing	1
“Leave	1
“May	1
Two,	1
humble	1
knee	1
trying—”	1
see!”	1
meanwhile	1
examining	1
roses.	1
heads!”	1
remaining	1
execute	1
protection.	1
flower-pot	1
near.	1
marched	1
off?”	1
“Their	1
right!”	1
“Can	1
croquet?”	1
evidently	1
“Yes!”	1
roared	1
“It’s—it’s	1
day!”	1
peeping	1
“Very,”	1
“—where’s	1
Duchess?”	1
“Hush!	1
Hush!”	1
ear,	1
execution.”	1
pity!’?”	1
didn’t,”	1
pity.	1
for?’”	1
boxed	1
ears—”	1
scream	1
laughter.	1
hush!”	1
late,	1
places!”	1
thunder,	1
croquet-ground	1
life;	1
ridges	1
furrows;	1
balls	1
hedgehogs,	1
mallets	1
flamingoes,	1
double	1
arches.	1
chief	1
managing	1
flamingo:	1
comfortably	1
straightened	1
expression	1
bursting	1
laughing:	1
provoking	1
act	1
crawling	1
away:	1
besides	1
ridge	1
furrow	1
send	1
doubled-up	1
parts	1
ground,	1
conclusion	1
indeed.	1
played	1
fighting	1
hedgehogs;	1
furious	1
minute.	1
uneasy:	1
me?	1
They’re	1
beheading	1
here;	1
alive!”	1
escape,	1
seen,	1
appearance	1
air:	1
to.”	1
with.	1
nodded.	1
flamingo,	1
account	1
someone	1
appeared.	1
fairly,”	1
complaining	1
quarrel	1
oneself	1
speak—and	1
particular;	1
least,	1
attends	1
alive;	1
arch	1
ground—and	1
croqueted	1
coming!”	1
Queen?”	1
“she’s	1
extremely—”	1
listening:	1
“—likely	1
win,	1
finishing	1
game.”	1
mine—a	1
Cat,”	1
“allow	1
“however,	1
kiss	1
likes.”	1
impertinent,”	1
king,”	1
where.”	1
removed,”	1
passing	1
removed!”	1
settling	1
difficulties,	1
small.	1
screaming	1
passion.	1
already	1
search	1
hedgehog.	1
engaged	1
hedgehog,	1
croqueting	1
helpless	1
fly	1
hedgehogs	1
ground.”	1
escape	1
friend.	1
executioner,	1
appealed	1
settle	1
arguments	1
though,	1
executioner’s	1
unless	1
from:	1
_his_	1
beheaded,	1
weren’t	1
nonsense.	1
she’d	1
(It	1
anxious.)	1
_her_	1
prison,”	1
executioner:	1
“fetch	1
arrow.	1
fading	1
disappeared;	1
game.	1
affectionately	1
Alice’s,	1
pleasant	1
temper,	1
kitchen.	1
Duchess,”	1
(not	1
hopeful	1
though),	1
_at	1
all_.	1
without—Maybe	1
hot-tempered,”	1
rule,	1
vinegar	1
sour—and	1
camomile	1
bitter—and—and	1
barley-sugar	1
sweet-tempered.	1
_that_:	1
stingy	1
something,	1
talk.	1
bit.”	1
“Tut,	1
tut,	1
“Everything’s	1
moral,	1
squeezed	1
closer	1
ugly;	1
shoulder,	1
uncomfortably	1
rude,	1
bore	1
game’s	1
little.	1
is—‘Oh,	1
round!’”	1
“Somebody	1
said,”	1
whispered,	1
minding	1
well!	1
is—‘Take	1
themselves.’”	1
morals	1
waist,”	1
pause:	1
temper	1
flamingo.	1
Shall	1
experiment?”	1
bite,”	1
experiment	1
tried.	1
true,”	1
“flamingoes	1
bite.	1
is—‘Birds	1
feather	1
flock	1
together.’”	1
bird,”	1
“Right,	1
usual,”	1
mineral,	1
_think_,”	1
“there’s	1
mustard-mine	1
is—‘The	1
mine,	1
yours.’”	1
attended	1
vegetable.	1
is—‘Be	1
be’—or	1
simply—‘Never	1
imagine	1
appear	1
otherwise.’”	1
better,”	1
down:	1
follow	1
chose,”	1
“Pray	1
trouble!”	1
present	1
cheap	1
present!”	1
birthday	1
loud.	1
“Thinking	1
asked,	1
dig	1
sharply,	1
worried.	1
pigs	1
fly;	1
m—”	1
died	1
favourite	1
‘moral,’	1
linked	1
tremble.	1
thunderstorm.	1
fair	1
warning,”	1
spoke;	1
“either	1
Take	1
choice!”	1
choice,	1
moment.	1
“Let’s	1
game,”	1
croquet-ground.	1
absence,	1
shade:	1
delay	1
cost	1
lives.	1
Those	1
whom	1
sentenced	1
left,	1
execution.	1
from,”	1
history,”	1
together,	1
company	1
pardoned.”	1
unhappy	1
ordered.	1
sun.	1
(If	1
picture.)	1
“Up,	1
lazy	1
history.	1
ordered;”	1
leaving	1
Queen:	1
rubbed	1
eyes:	1
chuckled.	1
fun!”	1
fun?”	1
_she_,”	1
executes	1
“Everybody	1
‘come	1
on!’	1
never!”	1
ledge	1
rock,	1
nearer,	1
break.	1
pitied	1
deeply.	1
sorrow?”	1
answered,	1
sorrow,	1
lady,”	1
“she	1
her,”	1
hollow	1
“sit	1
finished.”	1
finish,	1
patiently.	1
“Once,”	1
sigh,	1
Turtle.”	1
occasional	1
exclamation	1
“Hjckrrh!”	1
story,”	1
little,”	1
calmly,	1
Turtle—we	1
Tortoise—”	1
Tortoise,	1
one?”	1
Tortoise	1
us,”	1
angrily:	1
“really	1
dull!”	1
question,”	1
Gryphon;	1
sink	1
“Drive	1
fellow!	1
mayn’t	1
it—”	1
educations—in	1
day—”	1
“_I’ve_	1
day-school,	1
too,”	1
“With	1
extras?”	1
anxiously.	1
learned	1
washing?”	1
“Certainly	1
not!”	1
yours	1
school,”	1
_ours_	1
bill,	1
‘French,	1
music,	1
_and	1
washing_—extra.’”	1
“living	1
sea.”	1
afford	1
sigh.	1
course.”	1
inquired	1
“Reeling	1
Writhing,	1
branches	1
Arithmetic—Ambition,	1
Distraction,	1
Uglification,	1
Derision.”	1
‘Uglification,’”	1
say.	1
lifted	1
“What!	1
Never	1
uglifying!”	1
exclaimed.	1
beautify	1
doubtfully:	1
means—to—make—anything—prettier.”	1
uglify	1
simpleton.”	1
encouraged	1
learn?”	1
Mystery,”	1
counting	1
subjects	1
flappers,	1
“—Mystery,	1
ancient	1
modern,	1
Seaography:	1
Drawling—the	1
Drawling-master	1
conger-eel,	1
week:	1
Drawling,	1
Stretching,	1
Fainting	1
Coils.”	1
like?”	1
stiff.	1
“Hadn’t	1
Classics	1
master,	1
though.	1
crab,	1
was.”	1
Laughing	1
Grief,	1
turn;	1
hid	1
paws.	1
lessons?”	1
“Ten	1
day,”	1
“nine	1
plan!”	1
remarked:	1
lessen	1
day.”	1
eleventh	1
holiday?”	1
twelfth?”	1
eagerly.	1
“tell	1
games	1
flapper	1
“Same	1
bone	1
throat,”	1
punching	1
cheeks,	1
sea—”	1
haven’t,”	1
Alice)—“and	1
introduced	1
lobster—”	1
tasted—”	1
never”)	1
form	1
line	1
sea-shore—”	1
lines!”	1
“Seals,	1
turtles,	1
salmon,	1
on;	1
cleared	1
jelly-fish	1
way—”	1
“—you	1
advance	1
twice—”	1
“Each	1
lobster	1
partner!”	1
“advance	1
partners—”	1
“—change	1
retire	1
order,”	1
“Then,	1
the—”	1
lobsters!”	1
bound	1
“—as	1
can—”	1
“Swim	1
somersault	1
capering	1
about.	1
“Change	1
yelled	1
“Back	1
land	1
figure,”	1
dropping	1
creatures,	1
quietly,	1
pretty	1
dance,”	1
timidly.	1
figure!”	1
sing?”	1
sing,”	1
words.”	1
dancing	1
toes	1
close,	1
forepaws	1
sadly:—	1
“Will	1
faster?”	1
snail.	1
porpoise	1
he’s	1
See	1
turtles	1
advance!	1
shingle—will	1
snail	1
“Too	1
far,	1
far!”	1
askance—	1
thanked	1
kindly,	1
go?”	1
scaly	1
further	1
England	1
France—	1
beloved	1
snail,	1
dance?”	1
watch,”	1
last:	1
song	1
whiting!”	1
“they—you’ve	1
course?”	1
dinn—”	1
Dinn	1
like.”	1
mouths—and	1
crumbs.”	1
crumbs,”	1
“crumbs	1
mouths;	1
is—”	1
eyes.—“Tell	1
thrown	1
mouths.	1
That’s	1
interesting.	1
before.”	1
whiting?”	1
“_It	1
shoes_,”	1
solemnly.	1
shoes!”	1
with?”	1
mean,	1
shiny?”	1
answer.	1
blacking,	1
believe.”	1
“Boots	1
sea,”	1
whiting.	1
“Soles	1
eels,	1
“any	1
shrimp	1
porpoise,	1
‘Keep	1
please:	1
us!’”	1
“no	1
anywhere	1
porpoise.”	1
“Wouldn’t	1
really?”	1
“why,	1
_me_,	1
journey,	1
‘With	1
porpoise?’”	1
‘purpose’?”	1
adventures.”	1
adventures—beginning	1
morning,”	1
timidly:	1
yesterday,	1
impatient	1
“explanations	1
dreadful	1
time.”	1
Rabbit.	1
mouths	1
wide,	1
gained	1
courage	1
listeners	1
part	1
William_,”	1
different,	1
curious.”	1
now.	1
“Stand	1
‘’_Tis	1
sluggard_,’”	1
lessons!”	1
Quadrille,	1
indeed:—	1
Lobster;	1
declare,	1
baked	1
brown,	1
sugar	1
hair.”	1
duck	1
eyelids,	1
nose	1
Trims	1
belt	1
buttons,	1
turns	1
toes.”	1
sands	1
dry,	1
gay	1
lark,	1
contemptuous	1
Shark,	1
tide	1
rises	1
sharks	1
around,	1
His	1
tremulous	1
sound.]	1
child,”	1
Turtle;	1
uncommon	1
nonsense.”	1
nothing;	1
explained,”	1
verse.”	1
toes?”	1
persisted.	1
dancing.”	1
‘_I	1
garden_.’”	1
disobey,	1
voice:—	1
marked,	1
eye,	1
sharing	1
pie—”	1
pie-crust,	1
gravy,	1
meat,	1
share	1
treat.	1
pie	1
Owl,	1
boon,	1
Was	1
kindly	1
permitted	1
pocket	1
spoon:	1
received	1
knife	1
fork	1
banquet—]	1
stuff,”	1
on?	1
heard!”	1
off,”	1
“Shall	1
figure	1
Quadrille?”	1
“Or	1
song?”	1
kind,”	1
“Hm!	1
accounting	1
tastes!	1
Sing	1
‘_Turtle	1
Soup_,’	1
fellow?”	1
sobs,	1
Soup,	1
rich	1
green,	1
Waiting	1
tureen!	1
dainties	1
stoop?	1
fish,	1
Game,	1
dish?	1
p	1
ennyworth	1
Pennyworth	1
beauti—FUL	1
SOUP!”	1
“Chorus	1
beginning!”	1
song.	1
panted	1
ran;	1
faster,	1
faintly	1
breeze	1
“Soo—oop	1
Soup!”	1
Hearts	1
seated	1
throne	1
arrived,	1
them—all	1
beasts,	1
cards:	1
standing	1
chains,	1
soldier	1
guard	1
him;	1
trumpet	1
scroll	1
good,	1
them—“I	1
refreshments!”	1
pass	1
justice	1
books,	1
judge,”	1
wig.”	1
wore	1
wig,	1
(look	1
frontispiece	1
it,)	1
comfortable,	1
becoming.	1
jury-box,”	1
creatures,”	1
“creatures,”	1
animals,	1
birds,)	1
jurors.”	1
rightly	1
too,	1
“jury-men”	1
slates.	1
doing?”	1
begun.”	1
names,”	1
reply,	1
trial.”	1
“Stupid	1
indignant	1
“Silence	1
court!”	1
spectacles	1
shoulders,	1
“stupid	1
spell	1
“stupid,”	1
neighbour	1
muddle	1
slates’ll	1
One	1
pencil	1
squeaked.	1
stand,	1
juror	1
Lizard)	1
day;	1
slate.	1
“Herald,	1
accusation!”	1
scroll,	1
follows:—	1
day:	1
stole	1
yet!”	1
interrupted.	1
witness,”	1
“First	1
pardon,	1
in:	1
for.”	1
finished,”	1
begin?”	1
arm-in-arm	1
“Fourteenth	1
March,	1
“Fifteenth,”	1
“Sixteenth,”	1
“Write	1
dates	1
reduced	1
shillings	1
pence.	1
hat,”	1
mine,”	1
“_Stolen!_”	1
exclaimed,	1
memorandum	1
fact.	1
sell,”	1
explanation;	1
own.	1
hatter.”	1
spectacles,	1
fidgeted.	1
nervous,	1
spot.”	1
encourage	1
shifting	1
uneasily	1
bread-and-butter.	1
sensation,	1
court;	1
remain	1
squeeze	1
so.”	1
breathe.”	1
meekly:	1
growing.”	1
“You’ve	1
_here_,”	1
nonsense,”	1
boldly:	1
too.”	1
reasonable	1
pace,”	1
Dormouse:	1
ridiculous	1
fashion.”	1
“Bring	1
singers	1
concert!”	1
tea—not	1
so—and	1
thin—and	1
tea—”	1
_began_	1
T!”	1
sharply.	1
dunce?	1
Go	1
man,”	1
twinkled	1
that—only	1
did!”	1
denies	1
“leave	1
part.”	1
too:	1
denied	1
asleep.	1
“After	1
bread-and-butter—”	1
say?”	1
remarked	1
executed.”	1
knee.	1
_speaker_,”	1
guinea-pigs	1
(As	1
done.	1
canvas	1
bag,	1
tied	1
strings:	1
guinea-pig,	1
newspapers,	1
trials,	1
attempts	1
applause,	1
court,”	1
understood	1
lower,”	1
_sit_	1
guinea-pig	1
suppressed.	1
guinea-pigs!”	1
better.”	1
singers.	1
outside,”	1
officers:	1
officer	1
pepper-box	1
“Shan’t,”	1
must,	1
must,”	1
folding	1
“Pepper,	1
mostly,”	1
“Collar	1
shrieked	1
“Behead	1
Dormouse!	1
Turn	1
court!	1
Suppress	1
Pinch	1
whiskers!”	1
disappeared.	1
“Never	1
mind!”	1
undertone	1
witness.	1
ache!”	1
fumbled	1
list,	1
“—for	1
_yet_,”	1
Imagine	1
“Alice!”	1
“Here!”	1
flurry	1
tipped	1
jury-box	1
skirt,	1
upsetting	1
below,	1
sprawling	1
reminding	1
globe	1
accidentally	1
_beg_	1
dismay,	1
accident	1
vague	1
die.	1
cannot	1
proceed,”	1
“until	1
places—_all_,”	1
emphasis,	1
haste,	1
downwards,	1
unable	1
move.	1
right;	1
signifies	1
other.”	1
shock	1
upset,	1
slates	1
pencils	1
diligently	1
history	1
accident,	1
overcome	1
open,	1
gazing	1
business?”	1
“Nothing,”	1
_whatever?_”	1
persisted	1
whatever,”	1
important,”	1
interrupted:	1
means,	1
respectful	1
meant,”	1
undertone,	1
“important—unimportant—unimportant—important—”	1
best.	1
“important,”	1
“unimportant.”	1
slates;	1
note-book,	1
cackled	1
“Silence!”	1
“Rule	1
Forty-two.	1
_All	1
persons	1
court_.”	1
Everybody	1
“_I’m_	1
are,”	1
“Nearly	1
rate,”	1
“besides,	1
rule:	1
invented	1
oldest	1
Number	1
One,”	1
note-book	1
“this	1
prisoner	1
to—to	1
somebody.”	1
“unless	1
usual,	1
Rabbit;	1
_outside_.”	1
verses.”	1
prisoner’s	1
handwriting?”	1
queerest	1
puzzled.)	1
imitated	1
else’s	1
hand,”	1
again.)	1
Knave,	1
prove	1
did:	1
end.”	1
sign	1
worse.	1
mischief,	1
honest	1
man.”	1
clapping	1
clever	1
_proves_	1
guilt,”	1
proves	1
sort!”	1
about!”	1
“Read	1
spectacles.	1
“Where	1
begin,	1
Majesty?”	1
“Begin	1
beginning,”	1
end:	1
stop.”	1
read:—	1
character,	1
swim.	1
(We	1
true):	1
push	1
more;	1
Though	1
Involved	1
affair,	1
trusts	1
free,	1
Exactly	1
were.	1
My	1
(Before	1
fit)	1
obstacle	1
Him,	1
ourselves,	1
secret,	1
rest,	1
Between	1
me.”	1
hands;	1
jury—”	1
him,)	1
sixpence.	1
“_She_	1
attempted	1
paper.	1
saves	1
trouble,	1
any.	1
spreading	1
“—_said	1
swim_—”	1
swim,	1
Knave.	1
_not_,	1
cardboard.)	1
himself:	1
“‘_We	1
true_—’	1
course—‘_I	1
two_—’	1
“But,	1
‘_they	1
you_,’”	1
are!”	1
triumphantly,	1
clearer	1
_that_.	1
again—‘_before	1
fit_—’	1
fits,	1
“Never!”	1
furiously,	1
inkstand	1
slate	1
finger,	1
mark;	1
ink,	1
trickling	1
lasted.)	1
_fit_	1
smile.	1
pun!”	1
laughed,	1
consider	1
twentieth	1
no!”	1
“Sentence	1
first—verdict	1
afterwards.”	1
“Stuff	1
loudly.	1
first!”	1
purple.	1
Nobody	1
moved.	1
time.)	1
cards!”	1
rose	1
flying	1
scream,	1
fright	1
anger,	1
brushing	1
fluttered	1
sister;	1
had!”	1
dream!”	1
about;	1
kissed	1
dream,	1
tea;	1
late.”	1
ran,	1
might,	1
been.	1
setting	1
sun,	1
Adventures,	1
dreaming	1
fashion,	1
dream:—	1
dreamed	1
clasped	1
hers—she	1
toss	1
wandering	1
eyes—and	1
listened,	1
listen,	1
alive	1
sister’s	1
dream.	1
rustled	1
by—the	1
splashed	1
neighbouring	1
pool—she	1
rattle	1
shared	1
never-ending	1
meal,	1
execution—once	1
pig-baby	1
plates	1
dishes	1
crashed	1
it—once	1
Lizard’s	1
slate-pencil,	1
choking	1
believed	1
Wonderland,	1
reality—the	1
rustling	1
rippling	1
reeds—the	1
tinkling	1
sheep-bells,	1
cries	1
shepherd	1
boy—and	1
sneeze	1
noises,	1
knew)	1
clamour	1
farm-yard—while	1
lowing	1
cattle	1
distance	1
sobs.	1
Lastly,	1
pictured	1
would,	1
after-time,	1
woman;	1
keep,	1
riper	1
years,	1
loving	1
childhood:	1
gather	1
_their_	1
tale,	1
ago:	1
sorrows,	1
joys,	1
remembering	1
child-life,	1
happy	1
days.	1
END	1
